{
    "name": "root",
    "gauges": {
        "MLAgent.Policy.Entropy.mean": {
            "value": 1.431417465209961,
            "min": 1.42304527759552,
            "max": 1.43158757686615,
            "count": 45
        },
        "MLAgent.Policy.Entropy.sum": {
            "value": 28582.544921875,
            "min": 14939.1298828125,
            "max": 28767.63671875,
            "count": 45
        },
        "MLAgent.Step.mean": {
            "value": 499966.0,
            "min": 59968.0,
            "max": 499966.0,
            "count": 45
        },
        "MLAgent.Step.sum": {
            "value": 499966.0,
            "min": 59968.0,
            "max": 499966.0,
            "count": 45
        },
        "MLAgent.Policy.ExtrinsicValueEstimate.mean": {
            "value": -0.048021622002124786,
            "min": -0.14571145176887512,
            "max": 0.3070218861103058,
            "count": 45
        },
        "MLAgent.Policy.ExtrinsicValueEstimate.sum": {
            "value": -7.491373062133789,
            "min": -22.730987548828125,
            "max": 48.20243453979492,
            "count": 45
        },
        "MLAgent.IsTraining.mean": {
            "value": 1.0,
            "min": 1.0,
            "max": 1.0,
            "count": 45
        },
        "MLAgent.IsTraining.sum": {
            "value": 1.0,
            "min": 1.0,
            "max": 1.0,
            "count": 45
        },
        "MLAgent.Losses.PolicyLoss.mean": {
            "value": 0.021491428908969587,
            "min": 0.016854322400953,
            "max": 0.03111601701627175,
            "count": 43
        },
        "MLAgent.Losses.PolicyLoss.sum": {
            "value": 0.021491428908969587,
            "min": 0.016854322400953,
            "max": 0.03111601701627175,
            "count": 43
        },
        "MLAgent.Losses.ValueLoss.mean": {
            "value": 0.16552703206737837,
            "min": 0.08961600561936696,
            "max": 0.4541870574156443,
            "count": 43
        },
        "MLAgent.Losses.ValueLoss.sum": {
            "value": 0.16552703206737837,
            "min": 0.08961600561936696,
            "max": 0.4541870574156443,
            "count": 43
        },
        "MLAgent.Policy.LearningRate.mean": {
            "value": 1.4796995068000145e-06,
            "min": 1.4796995068000145e-06,
            "max": 0.00026094721301760007,
            "count": 43
        },
        "MLAgent.Policy.LearningRate.sum": {
            "value": 1.4796995068000145e-06,
            "min": 1.4796995068000145e-06,
            "max": 0.00026094721301760007,
            "count": 43
        },
        "MLAgent.Policy.Epsilon.mean": {
            "value": 0.10049319999999998,
            "min": 0.10049319999999998,
            "max": 0.18698239999999997,
            "count": 43
        },
        "MLAgent.Policy.Epsilon.sum": {
            "value": 0.10049319999999998,
            "min": 0.10049319999999998,
            "max": 0.18698239999999997,
            "count": 43
        },
        "MLAgent.Policy.Beta.mean": {
            "value": 3.4610680000000246e-05,
            "min": 3.4610680000000246e-05,
            "max": 0.004350421760000001,
            "count": 43
        },
        "MLAgent.Policy.Beta.sum": {
            "value": 3.4610680000000246e-05,
            "min": 3.4610680000000246e-05,
            "max": 0.004350421760000001,
            "count": 43
        },
        "MLAgent.Environment.EpisodeLength.mean": {
            "value": 4033.0,
            "min": 3676.0,
            "max": 5035.0,
            "count": 10
        },
        "MLAgent.Environment.EpisodeLength.sum": {
            "value": 8066.0,
            "min": 7352.0,
            "max": 10070.0,
            "count": 10
        },
        "MLAgent.Self-play.ELO.mean": {
            "value": 1200.0,
            "min": 1200.0,
            "max": 1200.0,
            "count": 10
        },
        "MLAgent.Self-play.ELO.sum": {
            "value": 1200.0,
            "min": 1200.0,
            "max": 1200.0,
            "count": 10
        },
        "MLAgent.Environment.CumulativeReward.mean": {
            "value": 3.899999998509884,
            "min": -30.200000002980232,
            "max": 30.899999998509884,
            "count": 10
        },
        "MLAgent.Environment.CumulativeReward.sum": {
            "value": 3.899999998509884,
            "min": -30.200000002980232,
            "max": 30.899999998509884,
            "count": 10
        },
        "MLAgent.Policy.ExtrinsicReward.mean": {
            "value": 3.899999998509884,
            "min": -30.200000002980232,
            "max": 30.899999998509884,
            "count": 10
        },
        "MLAgent.Policy.ExtrinsicReward.sum": {
            "value": 3.899999998509884,
            "min": -30.200000002980232,
            "max": 30.899999998509884,
            "count": 10
        }
    },
    "metadata": {
        "timer_format_version": "0.1.0",
        "start_time_seconds": "1748646999",
        "python_version": "3.10.10 (v3.10.10:aad5f6a891, Feb  7 2023, 08:47:40) [Clang 13.0.0 (clang-1300.0.29.30)]",
        "command_line_arguments": "/Users/benny/Desktop/MSc/Project/Git/RL/mlagents-env/bin/mlagents-learn Assets/Scripts/Utility/MLAgent.yaml --run-id=VB_1 --resume",
        "mlagents_version": "1.2.0.dev0",
        "mlagents_envs_version": "1.2.0.dev0",
        "communication_protocol_version": "1.5.0",
        "pytorch_version": "2.2.2",
        "numpy_version": "1.23.5",
        "end_time_seconds": "1748662225"
    },
    "total": 15225.695853224955,
    "count": 1,
    "self": 0.18963846284896135,
    "children": {
        "run_training.setup": {
            "total": 0.12965766619890928,
            "count": 1,
            "self": 0.12965766619890928
        },
        "TrainerController.start_learning": {
            "total": 15225.376557095908,
            "count": 1,
            "self": 11.97195780556649,
            "children": {
                "TrainerController._reset_env": {
                    "total": 67.87821674719453,
                    "count": 90,
                    "self": 67.87821674719453
                },
                "TrainerController.advance": {
                    "total": 15145.086682271212,
                    "count": 445253,
                    "self": 11.721408971585333,
                    "children": {
                        "env_step": {
                            "total": 14066.11533391755,
                            "count": 445253,
                            "self": 12510.991577690467,
                            "children": {
                                "SubprocessEnvManager._take_step": {
                                    "total": 1544.564419573173,
                                    "count": 445253,
                                    "self": 68.78857975034043,
                                    "children": {
                                        "TorchPolicy.evaluate": {
                                            "total": 1475.7758398228325,
                                            "count": 890494,
                                            "self": 1475.7758398228325
                                        }
                                    }
                                },
                                "workers": {
                                    "total": 10.559336653910577,
                                    "count": 445253,
                                    "self": 0.0,
                                    "children": {
                                        "worker_root": {
                                            "total": 15140.573804684915,
                                            "count": 445253,
                                            "is_parallel": true,
                                            "self": 3711.1181802609935,